Data,Hora,Estacao,Codigo,Poluente,Valor,Unidade,Tipo
2015-01-09,01:00,Santa Gertrudes - Jd. Luciana,SP58,MP10,81.0,ug/m3,manual
2015-01-15,01:00,Santa Gertrudes - Jd. Luciana,SP58,MP10,95.0,ug/m3,manual
2015-01-21,01:00,Santa Gertrudes - Jd. Luciana,SP58,MP10,70.0,ug/m3,manual
2015-01-27,01:00,Santa Gertrudes - Jd. Luciana,SP58,MP10,49.0,ug/m3,manual
2015-02-02,01:00,Santa Gertrudes - Jd. Luciana,SP58,MP10,64.0,ug/m3,manual
2015-02-08,01:00,Santa Gertrudes - Jd. Luciana,SP58,MP10,47.0,ug/m3,manual
2015-02-14,01:00,Santa Gertrudes - Jd. Luciana,SP58,MP10,52.0,ug/m3,manual
2015-02-26,01:00,Santa Gertrudes - Jd. Luciana,SP58,MP10,75.0,ug/m3,manual
2015-03-04,01:00,Santa Gertrudes - Jd. Luciana,SP58,MP10,68.0,ug/m3,manual
2015-03-10,01:00,Santa Gertrudes - Jd. Luciana,SP58,MP10,74.0,ug/m3,manual
2015-03-16,01:00,Santa Gertrudes - Jd. Luciana,SP58,MP10,23.0,ug/m3,manual
2015-03-22,01:00,Santa Gertrudes - Jd. Luciana,SP58,MP10,25.0,ug/m3,manual
2015-03-28,01:00,Santa Gertrudes - Jd. Luciana,SP58,MP10,71.0,ug/m3,manual
2015-04-03,01:00,Santa Gertrudes - Jd. Luciana,SP58,MP10,54.0,ug/m3,manual
2015-04-09,01:00,Santa Gertrudes - Jd. Luciana,SP58,MP10,90.0,ug/m3,manual
2015-04-15,01:00,Santa Gertrudes - Jd. Luciana,SP58,MP10,89.0,ug/m3,manual
2015-04-21,01:00,Santa Gertrudes - Jd. Luciana,SP58,MP10,51.0,ug/m3,manual
2015-04-27,01:00,Santa Gertrudes - Jd. Luciana,SP58,MP10,96.0,ug/m3,manual
2015-05-03,01:00,Santa Gertrudes - Jd. Luciana,SP58,MP10,40.0,ug/m3,manual
2015-05-09,01:00,Santa Gertrudes - Jd. Luciana,SP58,MP10,77.0,ug/m3,manual
2015-05-15,01:00,Santa Gertrudes - Jd. Luciana,SP58,MP10,121.0,ug/m3,manual
2015-05-21,01:00,Santa Gertrudes - Jd. Luciana,SP58,MP10,104.0,ug/m3,manual
2015-06-02,01:00,Santa Gertrudes - Jd. Luciana,SP58,MP10,78.0,ug/m3,manual
2015-06-08,01:00,Santa Gertrudes - Jd. Luciana,SP58,MP10,124.0,ug/m3,manual
2015-06-14,01:00,Santa Gertrudes - Jd. Luciana,SP58,MP10,77.0,ug/m3,manual
2015-06-20,01:00,Santa Gertrudes - Jd. Luciana,SP58,MP10,62.0,ug/m3,manual
2015-06-26,01:00,Santa Gertrudes - Jd. Luciana,SP58,MP10,105.0,ug/m3,manual
2015-07-02,01:00,Santa Gertrudes - Jd. Luciana,SP58,MP10,85.0,ug/m3,manual
2015-07-08,01:00,Santa Gertrudes - Jd. Luciana,SP58,MP10,46.0,ug/m3,manual
2015-07-14,01:00,Santa Gertrudes - Jd. Luciana,SP58,MP10,180.0,ug/m3,manual
2015-07-20,01:00,Santa Gertrudes - Jd. Luciana,SP58,MP10,156.0,ug/m3,manual
2015-08-01,01:00,Santa Gertrudes - Jd. Luciana,SP58,MP10,138.0,ug/m3,manual
2015-08-07,01:00,Santa Gertrudes - Jd. Luciana,SP58,MP10,186.0,ug/m3,manual
2015-08-13,01:00,Santa Gertrudes - Jd. Luciana,SP58,MP10,156.0,ug/m3,manual
2015-08-19,01:00,Santa Gertrudes - Jd. Luciana,SP58,MP10,123.0,ug/m3,manual
2015-08-25,01:00,Santa Gertrudes - Jd. Luciana,SP58,MP10,63.0,ug/m3,manual
2015-08-31,01:00,Santa Gertrudes - Jd. Luciana,SP58,MP10,221.0,ug/m3,manual
2015-09-06,01:00,Santa Gertrudes - Jd. Luciana,SP58,MP10,74.0,ug/m3,manual
2015-09-12,01:00,Santa Gertrudes - Jd. Luciana,SP58,MP10,43.0,ug/m3,manual
2015-09-18,01:00,Santa Gertrudes - Jd. Luciana,SP58,MP10,209.0,ug/m3,manual
2015-10-24,01:00,Santa Gertrudes - Jd. Luciana,SP58,MP10,55.0,ug/m3,manual
2015-10-30,01:00,Santa Gertrudes - Jd. Luciana,SP58,MP10,70.0,ug/m3,manual
2015-11-05,01:00,Santa Gertrudes - Jd. Luciana,SP58,MP10,37.0,ug/m3,manual
2015-11-11,01:00,Santa Gertrudes - Jd. Luciana,SP58,MP10,52.0,ug/m3,manual
2015-11-17,01:00,Santa Gertrudes - Jd. Luciana,SP58,MP10,40.0,ug/m3,manual
2015-11-23,01:00,Santa Gertrudes - Jd. Luciana,SP58,MP10,27.0,ug/m3,manual
2015-12-17,01:00,Santa Gertrudes - Jd. Luciana,SP58,MP10,35.0,ug/m3,manual
2015-12-22,01:00,Santa Gertrudes - Jd. Luciana,SP58,MP10,36.0,ug/m3,manual
2015-12-29,01:00,Santa Gertrudes - Jd. Luciana,SP58,MP10,18.0,ug/m3,manual
2015-01-09,01:00,Santa Gertrudes - Jd. Luciana,SP58,MP10,81.0,ug/m3,manual
2015-01-15,01:00,Santa Gertrudes - Jd. Luciana,SP58,MP10,95.0,ug/m3,manual
2015-01-21,01:00,Santa Gertrudes - Jd. Luciana,SP58,MP10,70.0,ug/m3,manual
2015-01-27,01:00,Santa Gertrudes - Jd. Luciana,SP58,MP10,49.0,ug/m3,manual
2015-02-02,01:00,Santa Gertrudes - Jd. Luciana,SP58,MP10,64.0,ug/m3,manual
2015-02-08,01:00,Santa Gertrudes - Jd. Luciana,SP58,MP10,47.0,ug/m3,manual
2015-02-14,01:00,Santa Gertrudes - Jd. Luciana,SP58,MP10,52.0,ug/m3,manual
2015-02-26,01:00,Santa Gertrudes - Jd. Luciana,SP58,MP10,75.0,ug/m3,manual
2015-03-04,01:00,Santa Gertrudes - Jd. Luciana,SP58,MP10,68.0,ug/m3,manual
2015-03-10,01:00,Santa Gertrudes - Jd. Luciana,SP58,MP10,74.0,ug/m3,manual
2015-03-16,01:00,Santa Gertrudes - Jd. Luciana,SP58,MP10,23.0,ug/m3,manual
2015-03-22,01:00,Santa Gertrudes - Jd. Luciana,SP58,MP10,25.0,ug/m3,manual
2015-03-28,01:00,Santa Gertrudes - Jd. Luciana,SP58,MP10,71.0,ug/m3,manual
2015-04-03,01:00,Santa Gertrudes - Jd. Luciana,SP58,MP10,54.0,ug/m3,manual
2015-04-09,01:00,Santa Gertrudes - Jd. Luciana,SP58,MP10,90.0,ug/m3,manual
2015-04-15,01:00,Santa Gertrudes - Jd. Luciana,SP58,MP10,89.0,ug/m3,manual
2015-04-21,01:00,Santa Gertrudes - Jd. Luciana,SP58,MP10,51.0,ug/m3,manual
2015-04-27,01:00,Santa Gertrudes - Jd. Luciana,SP58,MP10,96.0,ug/m3,manual
2015-05-03,01:00,Santa Gertrudes - Jd. Luciana,SP58,MP10,40.0,ug/m3,manual
2015-05-09,01:00,Santa Gertrudes - Jd. Luciana,SP58,MP10,77.0,ug/m3,manual
2015-05-15,01:00,Santa Gertrudes - Jd. Luciana,SP58,MP10,121.0,ug/m3,manual
2015-05-21,01:00,Santa Gertrudes - Jd. Luciana,SP58,MP10,104.0,ug/m3,manual
2015-06-02,01:00,Santa Gertrudes - Jd. Luciana,SP58,MP10,78.0,ug/m3,manual
2015-06-08,01:00,Santa Gertrudes - Jd. Luciana,SP58,MP10,124.0,ug/m3,manual
2015-06-14,01:00,Santa Gertrudes - Jd. Luciana,SP58,MP10,77.0,ug/m3,manual
2015-06-20,01:00,Santa Gertrudes - Jd. Luciana,SP58,MP10,62.0,ug/m3,manual
2015-06-26,01:00,Santa Gertrudes - Jd. Luciana,SP58,MP10,105.0,ug/m3,manual
2015-07-02,01:00,Santa Gertrudes - Jd. Luciana,SP58,MP10,85.0,ug/m3,manual
2015-07-08,01:00,Santa Gertrudes - Jd. Luciana,SP58,MP10,46.0,ug/m3,manual
2015-07-14,01:00,Santa Gertrudes - Jd. Luciana,SP58,MP10,180.0,ug/m3,manual
2015-07-20,01:00,Santa Gertrudes - Jd. Luciana,SP58,MP10,156.0,ug/m3,manual
2015-08-01,01:00,Santa Gertrudes - Jd. Luciana,SP58,MP10,138.0,ug/m3,manual
2015-08-07,01:00,Santa Gertrudes - Jd. Luciana,SP58,MP10,186.0,ug/m3,manual
2015-08-13,01:00,Santa Gertrudes - Jd. Luciana,SP58,MP10,156.0,ug/m3,manual
2015-08-19,01:00,Santa Gertrudes - Jd. Luciana,SP58,MP10,123.0,ug/m3,manual
2015-08-25,01:00,Santa Gertrudes - Jd. Luciana,SP58,MP10,63.0,ug/m3,manual
2015-08-31,01:00,Santa Gertrudes - Jd. Luciana,SP58,MP10,221.0,ug/m3,manual
2015-09-06,01:00,Santa Gertrudes - Jd. Luciana,SP58,MP10,74.0,ug/m3,manual
2015-09-12,01:00,Santa Gertrudes - Jd. Luciana,SP58,MP10,43.0,ug/m3,manual
2015-09-18,01:00,Santa Gertrudes - Jd. Luciana,SP58,MP10,209.0,ug/m3,manual
2015-10-24,01:00,Santa Gertrudes - Jd. Luciana,SP58,MP10,55.0,ug/m3,manual
2015-10-30,01:00,Santa Gertrudes - Jd. Luciana,SP58,MP10,70.0,ug/m3,manual
2015-11-05,01:00,Santa Gertrudes - Jd. Luciana,SP58,MP10,37.0,ug/m3,manual
2015-11-11,01:00,Santa Gertrudes - Jd. Luciana,SP58,MP10,52.0,ug/m3,manual
2015-11-17,01:00,Santa Gertrudes - Jd. Luciana,SP58,MP10,40.0,ug/m3,manual
2015-11-23,01:00,Santa Gertrudes - Jd. Luciana,SP58,MP10,27.0,ug/m3,manual
2015-12-17,01:00,Santa Gertrudes - Jd. Luciana,SP58,MP10,35.0,ug/m3,manual
2015-12-22,01:00,Santa Gertrudes - Jd. Luciana,SP58,MP10,36.0,ug/m3,manual
2015-12-29,01:00,Santa Gertrudes - Jd. Luciana,SP58,MP10,18.0,ug/m3,manual
2016-01-06,01:00,Santa Gertrudes - Jd. Luciana,SP58,MP10,66.0,ug/m3,manual
2016-01-12,01:00,Santa Gertrudes - Jd. Luciana,SP58,MP10,13.0,ug/m3,manual
2016-01-18,01:00,Santa Gertrudes - Jd. Luciana,SP58,MP10,47.0,ug/m3,manual
2016-01-24,01:00,Santa Gertrudes - Jd. Luciana,SP58,MP10,42.0,ug/m3,manual
2016-01-30,01:00,Santa Gertrudes - Jd. Luciana,SP58,MP10,38.0,ug/m3,manual
2016-02-05,01:00,Santa Gertrudes - Jd. Luciana,SP58,MP10,97.0,ug/m3,manual
2016-02-11,01:00,Santa Gertrudes - Jd. Luciana,SP58,MP10,68.0,ug/m3,manual
2016-02-17,01:00,Santa Gertrudes - Jd. Luciana,SP58,MP10,65.0,ug/m3,manual
2016-02-23,01:00,Santa Gertrudes - Jd. Luciana,SP58,MP10,68.0,ug/m3,manual
2016-02-29,01:00,Santa Gertrudes - Jd. Luciana,SP58,MP10,63.0,ug/m3,manual
2016-03-12,01:00,Santa Gertrudes - Jd. Luciana,SP58,MP10,55.0,ug/m3,manual
2016-03-18,01:00,Santa Gertrudes - Jd. Luciana,SP58,MP10,80.0,ug/m3,manual
2016-03-24,01:00,Santa Gertrudes - Jd. Luciana,SP58,MP10,69.0,ug/m3,manual
2016-03-30,01:00,Santa Gertrudes - Jd. Luciana,SP58,MP10,95.0,ug/m3,manual
2016-04-05,01:00,Santa Gertrudes - Jd. Luciana,SP58,MP10,113.0,ug/m3,manual
2016-04-11,01:00,Santa Gertrudes - Jd. Luciana,SP58,MP10,114.0,ug/m3,manual
2016-04-17,01:00,Santa Gertrudes - Jd. Luciana,SP58,MP10,131.0,ug/m3,manual
2016-04-23,01:00,Santa Gertrudes - Jd. Luciana,SP58,MP10,131.0,ug/m3,manual
2016-04-29,01:00,Santa Gertrudes - Jd. Luciana,SP58,MP10,77.0,ug/m3,manual
2016-05-05,01:00,Santa Gertrudes - Jd. Luciana,SP58,MP10,130.0,ug/m3,manual
2016-05-11,01:00,Santa Gertrudes - Jd. Luciana,SP58,MP10,85.0,ug/m3,manual
2016-05-17,01:00,Santa Gertrudes - Jd. Luciana,SP58,MP10,69.0,ug/m3,manual
2016-05-23,01:00,Santa Gertrudes - Jd. Luciana,SP58,MP10,37.0,ug/m3,manual
2016-05-29,01:00,Santa Gertrudes - Jd. Luciana,SP58,MP10,56.0,ug/m3,manual
2016-06-04,01:00,Santa Gertrudes - Jd. Luciana,SP58,MP10,38.0,ug/m3,manual
2016-06-10,01:00,Santa Gertrudes - Jd. Luciana,SP58,MP10,117.0,ug/m3,manual
2016-06-16,01:00,Santa Gertrudes - Jd. Luciana,SP58,MP10,161.0,ug/m3,manual
2016-06-22,01:00,Santa Gertrudes - Jd. Luciana,SP58,MP10,79.0,ug/m3,manual
2016-06-28,01:00,Santa Gertrudes - Jd. Luciana,SP58,MP10,156.0,ug/m3,manual
2016-07-04,01:00,Santa Gertrudes - Jd. Luciana,SP58,MP10,137.0,ug/m3,manual
2016-07-10,01:00,Santa Gertrudes - Jd. Luciana,SP58,MP10,93.0,ug/m3,manual
2016-07-16,01:00,Santa Gertrudes - Jd. Luciana,SP58,MP10,113.0,ug/m3,manual
2016-07-22,01:00,Santa Gertrudes - Jd. Luciana,SP58,MP10,93.0,ug/m3,manual
2016-07-28,01:00,Santa Gertrudes - Jd. Luciana,SP58,MP10,108.0,ug/m3,manual
2016-08-03,01:00,Santa Gertrudes - Jd. Luciana,SP58,MP10,96.0,ug/m3,manual
2016-08-09,01:00,Santa Gertrudes - Jd. Luciana,SP58,MP10,107.0,ug/m3,manual
2016-08-15,01:00,Santa Gertrudes - Jd. Luciana,SP58,MP10,198.0,ug/m3,manual
2016-08-21,01:00,Santa Gertrudes - Jd. Luciana,SP58,MP10,16.0,ug/m3,manual
2016-08-27,01:00,Santa Gertrudes - Jd. Luciana,SP58,MP10,105.0,ug/m3,manual
2016-09-02,01:00,Santa Gertrudes - Jd. Luciana,SP58,MP10,80.0,ug/m3,manual
2016-09-08,01:00,Santa Gertrudes - Jd. Luciana,SP58,MP10,72.0,ug/m3,manual
2016-09-20,01:00,Santa Gertrudes - Jd. Luciana,SP58,MP10,73.0,ug/m3,manual
2016-09-26,01:00,Santa Gertrudes - Jd. Luciana,SP58,MP10,68.0,ug/m3,manual
2016-10-02,01:00,Santa Gertrudes - Jd. Luciana,SP58,MP10,52.0,ug/m3,manual
2016-10-08,01:00,Santa Gertrudes - Jd. Luciana,SP58,MP10,71.0,ug/m3,manual
2016-10-14,01:00,Santa Gertrudes - Jd. Luciana,SP58,MP10,58.0,ug/m3,manual
2016-11-01,01:00,Santa Gertrudes - Jd. Luciana,SP58,MP10,77.0,ug/m3,manual
2016-11-07,01:00,Santa Gertrudes - Jd. Luciana,SP58,MP10,57.0,ug/m3,manual
2016-11-13,01:00,Santa Gertrudes - Jd. Luciana,SP58,MP10,25.0,ug/m3,manual
2016-11-19,01:00,Santa Gertrudes - Jd. Luciana,SP58,MP10,59.0,ug/m3,manual
2016-12-01,01:00,Santa Gertrudes - Jd. Luciana,SP58,MP10,67.0,ug/m3,manual
2016-12-07,01:00,Santa Gertrudes - Jd. Luciana,SP58,MP10,86.0,ug/m3,manual
2016-12-13,01:00,Santa Gertrudes - Jd. Luciana,SP58,MP10,50.0,ug/m3,manual
2016-12-19,01:00,Santa Gertrudes - Jd. Luciana,SP58,MP10,38.0,ug/m3,manual
2016-12-27,01:00,Santa Gertrudes - Jd. Luciana,SP58,MP10,43.0,ug/m3,manual
2016-01-06,01:00,Santa Gertrudes - Jd. Luciana,SP58,MP10,66.0,ug/m3,manual
2016-01-12,01:00,Santa Gertrudes - Jd. Luciana,SP58,MP10,13.0,ug/m3,manual
2016-01-18,01:00,Santa Gertrudes - Jd. Luciana,SP58,MP10,47.0,ug/m3,manual
2016-01-24,01:00,Santa Gertrudes - Jd. Luciana,SP58,MP10,42.0,ug/m3,manual
2016-01-30,01:00,Santa Gertrudes - Jd. Luciana,SP58,MP10,38.0,ug/m3,manual
2016-02-05,01:00,Santa Gertrudes - Jd. Luciana,SP58,MP10,97.0,ug/m3,manual
2016-02-11,01:00,Santa Gertrudes - Jd. Luciana,SP58,MP10,68.0,ug/m3,manual
2016-02-17,01:00,Santa Gertrudes - Jd. Luciana,SP58,MP10,65.0,ug/m3,manual
2016-02-23,01:00,Santa Gertrudes - Jd. Luciana,SP58,MP10,68.0,ug/m3,manual
2016-02-29,01:00,Santa Gertrudes - Jd. Luciana,SP58,MP10,63.0,ug/m3,manual
2016-03-12,01:00,Santa Gertrudes - Jd. Luciana,SP58,MP10,55.0,ug/m3,manual
2016-03-18,01:00,Santa Gertrudes - Jd. Luciana,SP58,MP10,80.0,ug/m3,manual
2016-03-24,01:00,Santa Gertrudes - Jd. Luciana,SP58,MP10,69.0,ug/m3,manual
2016-03-30,01:00,Santa Gertrudes - Jd. Luciana,SP58,MP10,95.0,ug/m3,manual
2016-04-05,01:00,Santa Gertrudes - Jd. Luciana,SP58,MP10,113.0,ug/m3,manual
2016-04-11,01:00,Santa Gertrudes - Jd. Luciana,SP58,MP10,114.0,ug/m3,manual
2016-04-17,01:00,Santa Gertrudes - Jd. Luciana,SP58,MP10,131.0,ug/m3,manual
2016-04-23,01:00,Santa Gertrudes - Jd. Luciana,SP58,MP10,131.0,ug/m3,manual
2016-04-29,01:00,Santa Gertrudes - Jd. Luciana,SP58,MP10,77.0,ug/m3,manual
2016-05-05,01:00,Santa Gertrudes - Jd. Luciana,SP58,MP10,130.0,ug/m3,manual
2016-05-11,01:00,Santa Gertrudes - Jd. Luciana,SP58,MP10,85.0,ug/m3,manual
2016-05-17,01:00,Santa Gertrudes - Jd. Luciana,SP58,MP10,69.0,ug/m3,manual
2016-05-23,01:00,Santa Gertrudes - Jd. Luciana,SP58,MP10,37.0,ug/m3,manual
2016-05-29,01:00,Santa Gertrudes - Jd. Luciana,SP58,MP10,56.0,ug/m3,manual
2016-06-04,01:00,Santa Gertrudes - Jd. Luciana,SP58,MP10,38.0,ug/m3,manual
2016-06-10,01:00,Santa Gertrudes - Jd. Luciana,SP58,MP10,117.0,ug/m3,manual
2016-06-16,01:00,Santa Gertrudes - Jd. Luciana,SP58,MP10,161.0,ug/m3,manual
2016-06-22,01:00,Santa Gertrudes - Jd. Luciana,SP58,MP10,79.0,ug/m3,manual
2016-06-28,01:00,Santa Gertrudes - Jd. Luciana,SP58,MP10,156.0,ug/m3,manual
2016-07-04,01:00,Santa Gertrudes - Jd. Luciana,SP58,MP10,137.0,ug/m3,manual
2016-07-10,01:00,Santa Gertrudes - Jd. Luciana,SP58,MP10,93.0,ug/m3,manual
2016-07-16,01:00,Santa Gertrudes - Jd. Luciana,SP58,MP10,113.0,ug/m3,manual
2016-07-22,01:00,Santa Gertrudes - Jd. Luciana,SP58,MP10,93.0,ug/m3,manual
2016-07-28,01:00,Santa Gertrudes - Jd. Luciana,SP58,MP10,108.0,ug/m3,manual
2016-08-03,01:00,Santa Gertrudes - Jd. Luciana,SP58,MP10,96.0,ug/m3,manual
2016-08-09,01:00,Santa Gertrudes - Jd. Luciana,SP58,MP10,107.0,ug/m3,manual
2016-08-15,01:00,Santa Gertrudes - Jd. Luciana,SP58,MP10,198.0,ug/m3,manual
2016-08-21,01:00,Santa Gertrudes - Jd. Luciana,SP58,MP10,16.0,ug/m3,manual
2016-08-27,01:00,Santa Gertrudes - Jd. Luciana,SP58,MP10,105.0,ug/m3,manual
2016-09-02,01:00,Santa Gertrudes - Jd. Luciana,SP58,MP10,80.0,ug/m3,manual
2016-09-08,01:00,Santa Gertrudes - Jd. Luciana,SP58,MP10,72.0,ug/m3,manual
2016-09-20,01:00,Santa Gertrudes - Jd. Luciana,SP58,MP10,73.0,ug/m3,manual
2016-09-26,01:00,Santa Gertrudes - Jd. Luciana,SP58,MP10,68.0,ug/m3,manual
2016-10-02,01:00,Santa Gertrudes - Jd. Luciana,SP58,MP10,52.0,ug/m3,manual
2016-10-08,01:00,Santa Gertrudes - Jd. Luciana,SP58,MP10,71.0,ug/m3,manual
2016-10-14,01:00,Santa Gertrudes - Jd. Luciana,SP58,MP10,58.0,ug/m3,manual
2016-11-01,01:00,Santa Gertrudes - Jd. Luciana,SP58,MP10,77.0,ug/m3,manual
2016-11-07,01:00,Santa Gertrudes - Jd. Luciana,SP58,MP10,57.0,ug/m3,manual
2016-11-13,01:00,Santa Gertrudes - Jd. Luciana,SP58,MP10,25.0,ug/m3,manual
2016-11-19,01:00,Santa Gertrudes - Jd. Luciana,SP58,MP10,59.0,ug/m3,manual
2016-12-01,01:00,Santa Gertrudes - Jd. Luciana,SP58,MP10,67.0,ug/m3,manual
2016-12-07,01:00,Santa Gertrudes - Jd. Luciana,SP58,MP10,86.0,ug/m3,manual
2016-12-13,01:00,Santa Gertrudes - Jd. Luciana,SP58,MP10,50.0,ug/m3,manual
2016-12-19,01:00,Santa Gertrudes - Jd. Luciana,SP58,MP10,38.0,ug/m3,manual
2016-12-27,01:00,Santa Gertrudes - Jd. Luciana,SP58,MP10,43.0,ug/m3,manual
2017-01-07,01:00,Santa Gertrudes - Jd. Luciana,SP58,MP10,29.0,ug/m3,manual
2017-01-13,01:00,Santa Gertrudes - Jd. Luciana,SP58,MP10,41.0,ug/m3,manual
2017-01-19,01:00,Santa Gertrudes - Jd. Luciana,SP58,MP10,37.0,ug/m3,manual
2017-02-12,01:00,Santa Gertrudes - Jd. Luciana,SP58,MP10,63.0,ug/m3,manual
2017-02-18,01:00,Santa Gertrudes - Jd. Luciana,SP58,MP10,52.0,ug/m3,manual
2017-03-02,01:00,Santa Gertrudes - Jd. Luciana,SP58,MP10,41.0,ug/m3,manual
2017-03-14,01:00,Santa Gertrudes - Jd. Luciana,SP58,MP10,48.0,ug/m3,manual
2017-03-20,01:00,Santa Gertrudes - Jd. Luciana,SP58,MP10,55.0,ug/m3,manual
2017-03-26,01:00,Santa Gertrudes - Jd. Luciana,SP58,MP10,46.0,ug/m3,manual
2017-04-13,01:00,Santa Gertrudes - Jd. Luciana,SP58,MP10,61.0,ug/m3,manual
2017-05-19,01:00,Santa Gertrudes - Jd. Luciana,SP58,MP10,30.0,ug/m3,manual
2017-05-31,01:00,Santa Gertrudes - Jd. Luciana,SP58,MP10,116.0,ug/m3,manual
2017-06-06,01:00,Santa Gertrudes - Jd. Luciana,SP58,MP10,127.0,ug/m3,manual
2017-06-18,01:00,Santa Gertrudes - Jd. Luciana,SP58,MP10,69.0,ug/m3,manual
2017-06-30,01:00,Santa Gertrudes - Jd. Luciana,SP58,MP10,126.0,ug/m3,manual
2017-07-06,01:00,Santa Gertrudes - Jd. Luciana,SP58,MP10,136.0,ug/m3,manual
2017-07-12,01:00,Santa Gertrudes - Jd. Luciana,SP58,MP10,162.0,ug/m3,manual
2017-07-18,01:00,Santa Gertrudes - Jd. Luciana,SP58,MP10,115.0,ug/m3,manual
2017-07-24,01:00,Santa Gertrudes - Jd. Luciana,SP58,MP10,111.0,ug/m3,manual
2017-08-05,01:00,Santa Gertrudes - Jd. Luciana,SP58,MP10,103.0,ug/m3,manual
2017-08-11,01:00,Santa Gertrudes - Jd. Luciana,SP58,MP10,135.0,ug/m3,manual
2017-08-17,01:00,Santa Gertrudes - Jd. Luciana,SP58,MP10,56.0,ug/m3,manual
2017-08-23,01:00,Santa Gertrudes - Jd. Luciana,SP58,MP10,199.0,ug/m3,manual
2017-08-29,01:00,Santa Gertrudes - Jd. Luciana,SP58,MP10,248.0,ug/m3,manual
2017-09-04,01:00,Santa Gertrudes - Jd. Luciana,SP58,MP10,201.0,ug/m3,manual
2017-09-10,01:00,Santa Gertrudes - Jd. Luciana,SP58,MP10,115.0,ug/m3,manual
2017-09-16,01:00,Santa Gertrudes - Jd. Luciana,SP58,MP10,140.0,ug/m3,manual
2017-09-22,01:00,Santa Gertrudes - Jd. Luciana,SP58,MP10,133.0,ug/m3,manual
2017-09-28,01:00,Santa Gertrudes - Jd. Luciana,SP58,MP10,150.0,ug/m3,manual
2017-10-04,01:00,Santa Gertrudes - Jd. Luciana,SP58,MP10,127.0,ug/m3,manual
2017-10-10,01:00,Santa Gertrudes - Jd. Luciana,SP58,MP10,149.0,ug/m3,manual
2017-10-16,01:00,Santa Gertrudes - Jd. Luciana,SP58,MP10,99.0,ug/m3,manual
2017-10-22,01:00,Santa Gertrudes - Jd. Luciana,SP58,MP10,58.0,ug/m3,manual
2017-10-28,01:00,Santa Gertrudes - Jd. Luciana,SP58,MP10,101.0,ug/m3,manual
2017-11-03,01:00,Santa Gertrudes - Jd. Luciana,SP58,MP10,84.0,ug/m3,manual
2017-11-09,01:00,Santa Gertrudes - Jd. Luciana,SP58,MP10,60.0,ug/m3,manual
2017-11-15,01:00,Santa Gertrudes - Jd. Luciana,SP58,MP10,122.0,ug/m3,manual
2017-11-27,01:00,Santa Gertrudes - Jd. Luciana,SP58,MP10,72.0,ug/m3,manual
2017-12-03,01:00,Santa Gertrudes - Jd. Luciana,SP58,MP10,52.0,ug/m3,manual
2017-12-09,01:00,Santa Gertrudes - Jd. Luciana,SP58,MP10,65.0,ug/m3,manual
2017-12-15,01:00,Santa Gertrudes - Jd. Luciana,SP58,MP10,77.0,ug/m3,manual
2017-12-21,01:00,Santa Gertrudes - Jd. Luciana,SP58,MP10,47.0,ug/m3,manual
2017-01-07,01:00,Santa Gertrudes - Jd. Luciana,SP58,MP10,29.0,ug/m3,manual
2017-01-13,01:00,Santa Gertrudes - Jd. Luciana,SP58,MP10,41.0,ug/m3,manual
2017-01-19,01:00,Santa Gertrudes - Jd. Luciana,SP58,MP10,37.0,ug/m3,manual
2017-02-12,01:00,Santa Gertrudes - Jd. Luciana,SP58,MP10,63.0,ug/m3,manual
2017-02-18,01:00,Santa Gertrudes - Jd. Luciana,SP58,MP10,52.0,ug/m3,manual
2017-03-02,01:00,Santa Gertrudes - Jd. Luciana,SP58,MP10,41.0,ug/m3,manual
2017-03-14,01:00,Santa Gertrudes - Jd. Luciana,SP58,MP10,48.0,ug/m3,manual
2017-03-20,01:00,Santa Gertrudes - Jd. Luciana,SP58,MP10,55.0,ug/m3,manual
2017-03-26,01:00,Santa Gertrudes - Jd. Luciana,SP58,MP10,46.0,ug/m3,manual
2017-04-13,01:00,Santa Gertrudes - Jd. Luciana,SP58,MP10,61.0,ug/m3,manual
2017-05-19,01:00,Santa Gertrudes - Jd. Luciana,SP58,MP10,30.0,ug/m3,manual
2017-05-31,01:00,Santa Gertrudes - Jd. Luciana,SP58,MP10,116.0,ug/m3,manual
2017-06-06,01:00,Santa Gertrudes - Jd. Luciana,SP58,MP10,127.0,ug/m3,manual
2017-06-18,01:00,Santa Gertrudes - Jd. Luciana,SP58,MP10,69.0,ug/m3,manual
2017-06-30,01:00,Santa Gertrudes - Jd. Luciana,SP58,MP10,126.0,ug/m3,manual
2017-07-06,01:00,Santa Gertrudes - Jd. Luciana,SP58,MP10,136.0,ug/m3,manual
2017-07-12,01:00,Santa Gertrudes - Jd. Luciana,SP58,MP10,162.0,ug/m3,manual
2017-07-18,01:00,Santa Gertrudes - Jd. Luciana,SP58,MP10,115.0,ug/m3,manual
2017-07-24,01:00,Santa Gertrudes - Jd. Luciana,SP58,MP10,111.0,ug/m3,manual
2017-08-05,01:00,Santa Gertrudes - Jd. Luciana,SP58,MP10,103.0,ug/m3,manual
2017-08-11,01:00,Santa Gertrudes - Jd. Luciana,SP58,MP10,135.0,ug/m3,manual
2017-08-17,01:00,Santa Gertrudes - Jd. Luciana,SP58,MP10,56.0,ug/m3,manual
2017-08-23,01:00,Santa Gertrudes - Jd. Luciana,SP58,MP10,199.0,ug/m3,manual
2017-08-29,01:00,Santa Gertrudes - Jd. Luciana,SP58,MP10,248.0,ug/m3,manual
2017-09-04,01:00,Santa Gertrudes - Jd. Luciana,SP58,MP10,201.0,ug/m3,manual
2017-09-10,01:00,Santa Gertrudes - Jd. Luciana,SP58,MP10,115.0,ug/m3,manual
2017-09-16,01:00,Santa Gertrudes - Jd. Luciana,SP58,MP10,140.0,ug/m3,manual
2017-09-22,01:00,Santa Gertrudes - Jd. Luciana,SP58,MP10,133.0,ug/m3,manual
2017-09-28,01:00,Santa Gertrudes - Jd. Luciana,SP58,MP10,150.0,ug/m3,manual
2017-10-04,01:00,Santa Gertrudes - Jd. Luciana,SP58,MP10,127.0,ug/m3,manual
2017-10-10,01:00,Santa Gertrudes - Jd. Luciana,SP58,MP10,149.0,ug/m3,manual
2017-10-16,01:00,Santa Gertrudes - Jd. Luciana,SP58,MP10,99.0,ug/m3,manual
2017-10-22,01:00,Santa Gertrudes - Jd. Luciana,SP58,MP10,58.0,ug/m3,manual
2017-10-28,01:00,Santa Gertrudes - Jd. Luciana,SP58,MP10,101.0,ug/m3,manual
2017-11-03,01:00,Santa Gertrudes - Jd. Luciana,SP58,MP10,84.0,ug/m3,manual
2017-11-09,01:00,Santa Gertrudes - Jd. Luciana,SP58,MP10,60.0,ug/m3,manual
2017-11-15,01:00,Santa Gertrudes - Jd. Luciana,SP58,MP10,122.0,ug/m3,manual
2017-11-27,01:00,Santa Gertrudes - Jd. Luciana,SP58,MP10,72.0,ug/m3,manual
2017-12-03,01:00,Santa Gertrudes - Jd. Luciana,SP58,MP10,52.0,ug/m3,manual
2017-12-09,01:00,Santa Gertrudes - Jd. Luciana,SP58,MP10,65.0,ug/m3,manual
2017-12-15,01:00,Santa Gertrudes - Jd. Luciana,SP58,MP10,77.0,ug/m3,manual
2017-12-21,01:00,Santa Gertrudes - Jd. Luciana,SP58,MP10,47.0,ug/m3,manual
2018-01-06,01:00,Santa Gertrudes - Jd. Luciana,SP58,MP10,26.0,ug/m3,manual
2018-01-18,01:00,Santa Gertrudes - Jd. Luciana,SP58,MP10,100.0,ug/m3,manual
2018-01-24,01:00,Santa Gertrudes - Jd. Luciana,SP58,MP10,62.0,ug/m3,manual
2018-01-30,01:00,Santa Gertrudes - Jd. Luciana,SP58,MP10,47.0,ug/m3,manual
2018-02-05,01:00,Santa Gertrudes - Jd. Luciana,SP58,MP10,88.0,ug/m3,manual
2018-02-11,01:00,Santa Gertrudes - Jd. Luciana,SP58,MP10,45.0,ug/m3,manual
2018-02-17,01:00,Santa Gertrudes - Jd. Luciana,SP58,MP10,40.0,ug/m3,manual
2018-02-23,01:00,Santa Gertrudes - Jd. Luciana,SP58,MP10,75.0,ug/m3,manual
2018-03-01,01:00,Santa Gertrudes - Jd. Luciana,SP58,MP10,66.0,ug/m3,manual
2018-03-07,01:00,Santa Gertrudes - Jd. Luciana,SP58,MP10,37.0,ug/m3,manual
2018-03-13,01:00,Santa Gertrudes - Jd. Luciana,SP58,MP10,74.0,ug/m3,manual
2018-03-19,01:00,Santa Gertrudes - Jd. Luciana,SP58,MP10,78.0,ug/m3,manual
2018-03-25,01:00,Santa Gertrudes - Jd. Luciana,SP58,MP10,51.0,ug/m3,manual
2018-03-31,01:00,Santa Gertrudes - Jd. Luciana,SP58,MP10,47.0,ug/m3,manual
2018-04-06,01:00,Santa Gertrudes - Jd. Luciana,SP58,MP10,91.0,ug/m3,manual
2018-04-12,01:00,Santa Gertrudes - Jd. Luciana,SP58,MP10,119.0,ug/m3,manual
2018-04-18,01:00,Santa Gertrudes - Jd. Luciana,SP58,MP10,109.0,ug/m3,manual
2018-04-24,01:00,Santa Gertrudes - Jd. Luciana,SP58,MP10,98.0,ug/m3,manual
2018-04-30,01:00,Santa Gertrudes - Jd. Luciana,SP58,MP10,118.0,ug/m3,manual
2018-05-12,01:00,Santa Gertrudes - Jd. Luciana,SP58,MP10,120.0,ug/m3,manual
2018-05-18,01:00,Santa Gertrudes - Jd. Luciana,SP58,MP10,104.0,ug/m3,manual
2018-05-24,01:00,Santa Gertrudes - Jd. Luciana,SP58,MP10,74.0,ug/m3,manual
2018-05-30,01:00,Santa Gertrudes - Jd. Luciana,SP58,MP10,76.0,ug/m3,manual
2018-06-05,01:00,Santa Gertrudes - Jd. Luciana,SP58,MP10,93.0,ug/m3,manual
2018-06-11,01:00,Santa Gertrudes - Jd. Luciana,SP58,MP10,98.0,ug/m3,manual
2018-06-17,01:00,Santa Gertrudes - Jd. Luciana,SP58,MP10,35.0,ug/m3,manual
2018-06-23,01:00,Santa Gertrudes - Jd. Luciana,SP58,MP10,108.0,ug/m3,manual
2018-06-29,01:00,Santa Gertrudes - Jd. Luciana,SP58,MP10,152.0,ug/m3,manual
2018-07-05,01:00,Santa Gertrudes - Jd. Luciana,SP58,MP10,186.0,ug/m3,manual
2018-07-11,01:00,Santa Gertrudes - Jd. Luciana,SP58,MP10,95.0,ug/m3,manual
2018-07-17,01:00,Santa Gertrudes - Jd. Luciana,SP58,MP10,205.0,ug/m3,manual
2018-07-23,01:00,Santa Gertrudes - Jd. Luciana,SP58,MP10,128.0,ug/m3,manual
2018-07-29,01:00,Santa Gertrudes - Jd. Luciana,SP58,MP10,94.0,ug/m3,manual
2018-08-04,01:00,Santa Gertrudes - Jd. Luciana,SP58,MP10,27.0,ug/m3,manual
2018-08-10,01:00,Santa Gertrudes - Jd. Luciana,SP58,MP10,68.0,ug/m3,manual
2018-08-16,01:00,Santa Gertrudes - Jd. Luciana,SP58,MP10,78.0,ug/m3,manual
2018-08-22,01:00,Santa Gertrudes - Jd. Luciana,SP58,MP10,81.0,ug/m3,manual
2018-08-28,01:00,Santa Gertrudes - Jd. Luciana,SP58,MP10,92.0,ug/m3,manual
2018-09-09,01:00,Santa Gertrudes - Jd. Luciana,SP58,MP10,90.0,ug/m3,manual
2018-09-15,01:00,Santa Gertrudes - Jd. Luciana,SP58,MP10,50.0,ug/m3,manual
2018-09-21,01:00,Santa Gertrudes - Jd. Luciana,SP58,MP10,69.0,ug/m3,manual
2018-09-27,01:00,Santa Gertrudes - Jd. Luciana,SP58,MP10,85.0,ug/m3,manual
2018-10-03,01:00,Santa Gertrudes - Jd. Luciana,SP58,MP10,98.0,ug/m3,manual
2018-10-09,01:00,Santa Gertrudes - Jd. Luciana,SP58,MP10,47.0,ug/m3,manual
2018-10-15,01:00,Santa Gertrudes - Jd. Luciana,SP58,MP10,46.0,ug/m3,manual
2018-10-21,01:00,Santa Gertrudes - Jd. Luciana,SP58,MP10,33.0,ug/m3,manual
2018-10-27,01:00,Santa Gertrudes - Jd. Luciana,SP58,MP10,29.0,ug/m3,manual
2018-11-02,01:00,Santa Gertrudes - Jd. Luciana,SP58,MP10,60.0,ug/m3,manual
2018-11-08,01:00,Santa Gertrudes - Jd. Luciana,SP58,MP10,26.0,ug/m3,manual
2018-11-26,01:00,Santa Gertrudes - Jd. Luciana,SP58,MP10,40.0,ug/m3,manual
2018-12-02,01:00,Santa Gertrudes - Jd. Luciana,SP58,MP10,31.0,ug/m3,manual
2018-12-08,01:00,Santa Gertrudes - Jd. Luciana,SP58,MP10,58.0,ug/m3,manual
2018-12-14,01:00,Santa Gertrudes - Jd. Luciana,SP58,MP10,74.0,ug/m3,manual
2018-01-06,01:00,Santa Gertrudes - Jd. Luciana,SP58,MP10,26.0,ug/m3,manual
2018-01-18,01:00,Santa Gertrudes - Jd. Luciana,SP58,MP10,100.0,ug/m3,manual
2018-01-24,01:00,Santa Gertrudes - Jd. Luciana,SP58,MP10,62.0,ug/m3,manual
2018-01-30,01:00,Santa Gertrudes - Jd. Luciana,SP58,MP10,47.0,ug/m3,manual
2018-02-05,01:00,Santa Gertrudes - Jd. Luciana,SP58,MP10,88.0,ug/m3,manual
2018-02-11,01:00,Santa Gertrudes - Jd. Luciana,SP58,MP10,45.0,ug/m3,manual
2018-02-17,01:00,Santa Gertrudes - Jd. Luciana,SP58,MP10,40.0,ug/m3,manual
2018-02-23,01:00,Santa Gertrudes - Jd. Luciana,SP58,MP10,75.0,ug/m3,manual
2018-03-01,01:00,Santa Gertrudes - Jd. Luciana,SP58,MP10,66.0,ug/m3,manual
2018-03-07,01:00,Santa Gertrudes - Jd. Luciana,SP58,MP10,37.0,ug/m3,manual
2018-03-13,01:00,Santa Gertrudes - Jd. Luciana,SP58,MP10,74.0,ug/m3,manual
2018-03-19,01:00,Santa Gertrudes - Jd. Luciana,SP58,MP10,78.0,ug/m3,manual
2018-03-25,01:00,Santa Gertrudes - Jd. Luciana,SP58,MP10,51.0,ug/m3,manual
2018-03-31,01:00,Santa Gertrudes - Jd. Luciana,SP58,MP10,47.0,ug/m3,manual
2018-04-06,01:00,Santa Gertrudes - Jd. Luciana,SP58,MP10,91.0,ug/m3,manual
2018-04-12,01:00,Santa Gertrudes - Jd. Luciana,SP58,MP10,119.0,ug/m3,manual
2018-04-18,01:00,Santa Gertrudes - Jd. Luciana,SP58,MP10,109.0,ug/m3,manual
2018-04-24,01:00,Santa Gertrudes - Jd. Luciana,SP58,MP10,98.0,ug/m3,manual
2018-04-30,01:00,Santa Gertrudes - Jd. Luciana,SP58,MP10,118.0,ug/m3,manual
2018-05-12,01:00,Santa Gertrudes - Jd. Luciana,SP58,MP10,120.0,ug/m3,manual
2018-05-18,01:00,Santa Gertrudes - Jd. Luciana,SP58,MP10,104.0,ug/m3,manual
2018-05-24,01:00,Santa Gertrudes - Jd. Luciana,SP58,MP10,74.0,ug/m3,manual
2018-05-30,01:00,Santa Gertrudes - Jd. Luciana,SP58,MP10,76.0,ug/m3,manual
2018-06-05,01:00,Santa Gertrudes - Jd. Luciana,SP58,MP10,93.0,ug/m3,manual
2018-06-11,01:00,Santa Gertrudes - Jd. Luciana,SP58,MP10,98.0,ug/m3,manual
2018-06-17,01:00,Santa Gertrudes - Jd. Luciana,SP58,MP10,35.0,ug/m3,manual
2018-06-23,01:00,Santa Gertrudes - Jd. Luciana,SP58,MP10,108.0,ug/m3,manual
2018-06-29,01:00,Santa Gertrudes - Jd. Luciana,SP58,MP10,152.0,ug/m3,manual
2018-07-05,01:00,Santa Gertrudes - Jd. Luciana,SP58,MP10,186.0,ug/m3,manual
2018-07-11,01:00,Santa Gertrudes - Jd. Luciana,SP58,MP10,95.0,ug/m3,manual
2018-07-17,01:00,Santa Gertrudes - Jd. Luciana,SP58,MP10,205.0,ug/m3,manual
2018-07-23,01:00,Santa Gertrudes - Jd. Luciana,SP58,MP10,128.0,ug/m3,manual
2018-07-29,01:00,Santa Gertrudes - Jd. Luciana,SP58,MP10,94.0,ug/m3,manual
2018-08-04,01:00,Santa Gertrudes - Jd. Luciana,SP58,MP10,27.0,ug/m3,manual
2018-08-10,01:00,Santa Gertrudes - Jd. Luciana,SP58,MP10,68.0,ug/m3,manual
2018-08-16,01:00,Santa Gertrudes - Jd. Luciana,SP58,MP10,78.0,ug/m3,manual
2018-08-22,01:00,Santa Gertrudes - Jd. Luciana,SP58,MP10,81.0,ug/m3,manual
2018-08-28,01:00,Santa Gertrudes - Jd. Luciana,SP58,MP10,92.0,ug/m3,manual
2018-09-09,01:00,Santa Gertrudes - Jd. Luciana,SP58,MP10,90.0,ug/m3,manual
2018-09-15,01:00,Santa Gertrudes - Jd. Luciana,SP58,MP10,50.0,ug/m3,manual
2018-09-21,01:00,Santa Gertrudes - Jd. Luciana,SP58,MP10,69.0,ug/m3,manual
2018-09-27,01:00,Santa Gertrudes - Jd. Luciana,SP58,MP10,85.0,ug/m3,manual
2018-10-03,01:00,Santa Gertrudes - Jd. Luciana,SP58,MP10,98.0,ug/m3,manual
2018-10-09,01:00,Santa Gertrudes - Jd. Luciana,SP58,MP10,47.0,ug/m3,manual
2018-10-15,01:00,Santa Gertrudes - Jd. Luciana,SP58,MP10,46.0,ug/m3,manual
2018-10-21,01:00,Santa Gertrudes - Jd. Luciana,SP58,MP10,33.0,ug/m3,manual
2018-10-27,01:00,Santa Gertrudes - Jd. Luciana,SP58,MP10,29.0,ug/m3,manual
2018-11-02,01:00,Santa Gertrudes - Jd. Luciana,SP58,MP10,60.0,ug/m3,manual
2018-11-08,01:00,Santa Gertrudes - Jd. Luciana,SP58,MP10,26.0,ug/m3,manual
2018-11-26,01:00,Santa Gertrudes - Jd. Luciana,SP58,MP10,40.0,ug/m3,manual
2018-12-02,01:00,Santa Gertrudes - Jd. Luciana,SP58,MP10,31.0,ug/m3,manual
2018-12-08,01:00,Santa Gertrudes - Jd. Luciana,SP58,MP10,58.0,ug/m3,manual
2018-12-14,01:00,Santa Gertrudes - Jd. Luciana,SP58,MP10,74.0,ug/m3,manual
2019-01-05,01:00,Santa Gertrudes - Jd. Luciana,SP58,MP10,21.0,ug/m3,manual
2019-01-11,01:00,Santa Gertrudes - Jd. Luciana,SP58,MP10,83.0,ug/m3,manual
2019-01-17,01:00,Santa Gertrudes - Jd. Luciana,SP58,MP10,42.0,ug/m3,manual
2019-01-23,01:00,Santa Gertrudes - Jd. Luciana,SP58,MP10,54.0,ug/m3,manual
2019-01-29,01:00,Santa Gertrudes - Jd. Luciana,SP58,MP10,73.0,ug/m3,manual
2019-02-04,01:00,Santa Gertrudes - Jd. Luciana,SP58,MP10,60.0,ug/m3,manual
2019-02-10,01:00,Santa Gertrudes - Jd. Luciana,SP58,MP10,55.0,ug/m3,manual
2019-02-16,01:00,Santa Gertrudes - Jd. Luciana,SP58,MP10,28.0,ug/m3,manual
2019-02-22,01:00,Santa Gertrudes - Jd. Luciana,SP58,MP10,38.0,ug/m3,manual
2019-02-28,01:00,Santa Gertrudes - Jd. Luciana,SP58,MP10,30.0,ug/m3,manual
2019-03-06,01:00,Santa Gertrudes - Jd. Luciana,SP58,MP10,49.0,ug/m3,manual
2019-03-12,01:00,Santa Gertrudes - Jd. Luciana,SP58,MP10,44.0,ug/m3,manual
2019-03-18,01:00,Santa Gertrudes - Jd. Luciana,SP58,MP10,52.0,ug/m3,manual
2019-03-24,01:00,Santa Gertrudes - Jd. Luciana,SP58,MP10,43.0,ug/m3,manual
2019-03-30,01:00,Santa Gertrudes - Jd. Luciana,SP58,MP10,51.0,ug/m3,manual
2019-04-05,01:00,Santa Gertrudes - Jd. Luciana,SP58,MP10,66.0,ug/m3,manual
2019-04-11,01:00,Santa Gertrudes - Jd. Luciana,SP58,MP10,53.0,ug/m3,manual
2019-04-17,01:00,Santa Gertrudes - Jd. Luciana,SP58,MP10,46.0,ug/m3,manual
2019-04-23,01:00,Santa Gertrudes - Jd. Luciana,SP58,MP10,55.0,ug/m3,manual
2019-04-29,01:00,Santa Gertrudes - Jd. Luciana,SP58,MP10,35.0,ug/m3,manual
2019-05-23,01:00,Santa Gertrudes - Jd. Luciana,SP58,MP10,109.0,ug/m3,manual
2019-05-29,01:00,Santa Gertrudes - Jd. Luciana,SP58,MP10,72.0,ug/m3,manual
2019-06-04,01:00,Santa Gertrudes - Jd. Luciana,SP58,MP10,35.0,ug/m3,manual
2019-06-10,01:00,Santa Gertrudes - Jd. Luciana,SP58,MP10,90.0,ug/m3,manual
2019-06-16,01:00,Santa Gertrudes - Jd. Luciana,SP58,MP10,65.0,ug/m3,manual
2019-06-22,01:00,Santa Gertrudes - Jd. Luciana,SP58,MP10,67.0,ug/m3,manual
2019-06-28,01:00,Santa Gertrudes - Jd. Luciana,SP58,MP10,92.0,ug/m3,manual
2019-07-04,01:00,Santa Gertrudes - Jd. Luciana,SP58,MP10,51.0,ug/m3,manual
2019-07-10,01:00,Santa Gertrudes - Jd. Luciana,SP58,MP10,126.0,ug/m3,manual
2019-07-16,01:00,Santa Gertrudes - Jd. Luciana,SP58,MP10,54.0,ug/m3,manual
2019-07-22,01:00,Santa Gertrudes - Jd. Luciana,SP58,MP10,73.0,ug/m3,manual
2019-07-28,01:00,Santa Gertrudes - Jd. Luciana,SP58,MP10,59.0,ug/m3,manual
2019-08-03,01:00,Santa Gertrudes - Jd. Luciana,SP58,MP10,33.0,ug/m3,manual
2019-08-09,01:00,Santa Gertrudes - Jd. Luciana,SP58,MP10,104.0,ug/m3,manual
2019-08-15,01:00,Santa Gertrudes - Jd. Luciana,SP58,MP10,86.0,ug/m3,manual
2019-08-21,01:00,Santa Gertrudes - Jd. Luciana,SP58,MP10,75.0,ug/m3,manual
2019-08-27,01:00,Santa Gertrudes - Jd. Luciana,SP58,MP10,129.0,ug/m3,manual
2019-09-02,01:00,Santa Gertrudes - Jd. Luciana,SP58,MP10,48.0,ug/m3,manual
2019-09-08,01:00,Santa Gertrudes - Jd. Luciana,SP58,MP10,91.0,ug/m3,manual
2019-09-14,01:00,Santa Gertrudes - Jd. Luciana,SP58,MP10,84.0,ug/m3,manual
2019-09-20,01:00,Santa Gertrudes - Jd. Luciana,SP58,MP10,147.0,ug/m3,manual
2019-09-26,01:00,Santa Gertrudes - Jd. Luciana,SP58,MP10,57.0,ug/m3,manual
2019-10-02,01:00,Santa Gertrudes - Jd. Luciana,SP58,MP10,139.0,ug/m3,manual
2019-10-08,01:00,Santa Gertrudes - Jd. Luciana,SP58,MP10,62.0,ug/m3,manual
2019-10-14,01:00,Santa Gertrudes - Jd. Luciana,SP58,MP10,137.0,ug/m3,manual
2019-10-20,01:00,Santa Gertrudes - Jd. Luciana,SP58,MP10,32.0,ug/m3,manual
2019-10-26,01:00,Santa Gertrudes - Jd. Luciana,SP58,MP10,92.0,ug/m3,manual
2019-11-01,01:00,Santa Gertrudes - Jd. Luciana,SP58,MP10,76.0,ug/m3,manual
2019-11-07,01:00,Santa Gertrudes - Jd. Luciana,SP58,MP10,93.0,ug/m3,manual
2019-11-13,01:00,Santa Gertrudes - Jd. Luciana,SP58,MP10,56.0,ug/m3,manual
2019-11-19,01:00,Santa Gertrudes - Jd. Luciana,SP58,MP10,78.0,ug/m3,manual
2019-11-25,01:00,Santa Gertrudes - Jd. Luciana,SP58,MP10,64.0,ug/m3,manual
2019-12-01,01:00,Santa Gertrudes - Jd. Luciana,SP58,MP10,19.0,ug/m3,manual
2019-12-07,01:00,Santa Gertrudes - Jd. Luciana,SP58,MP10,45.0,ug/m3,manual
2019-12-19,01:00,Santa Gertrudes - Jd. Luciana,SP58,MP10,45.0,ug/m3,manual
2019-01-05,01:00,Santa Gertrudes - Jd. Luciana,SP58,MP10,21.0,ug/m3,manual
2019-01-11,01:00,Santa Gertrudes - Jd. Luciana,SP58,MP10,83.0,ug/m3,manual
2019-01-17,01:00,Santa Gertrudes - Jd. Luciana,SP58,MP10,42.0,ug/m3,manual
2019-01-23,01:00,Santa Gertrudes - Jd. Luciana,SP58,MP10,54.0,ug/m3,manual
2019-01-29,01:00,Santa Gertrudes - Jd. Luciana,SP58,MP10,73.0,ug/m3,manual
2019-02-04,01:00,Santa Gertrudes - Jd. Luciana,SP58,MP10,60.0,ug/m3,manual
2019-02-10,01:00,Santa Gertrudes - Jd. Luciana,SP58,MP10,55.0,ug/m3,manual
2019-02-16,01:00,Santa Gertrudes - Jd. Luciana,SP58,MP10,28.0,ug/m3,manual
2019-02-22,01:00,Santa Gertrudes - Jd. Luciana,SP58,MP10,38.0,ug/m3,manual
2019-02-28,01:00,Santa Gertrudes - Jd. Luciana,SP58,MP10,30.0,ug/m3,manual
2019-03-06,01:00,Santa Gertrudes - Jd. Luciana,SP58,MP10,49.0,ug/m3,manual
2019-03-12,01:00,Santa Gertrudes - Jd. Luciana,SP58,MP10,44.0,ug/m3,manual
2019-03-18,01:00,Santa Gertrudes - Jd. Luciana,SP58,MP10,52.0,ug/m3,manual
2019-03-24,01:00,Santa Gertrudes - Jd. Luciana,SP58,MP10,43.0,ug/m3,manual
2019-03-30,01:00,Santa Gertrudes - Jd. Luciana,SP58,MP10,51.0,ug/m3,manual
2019-04-05,01:00,Santa Gertrudes - Jd. Luciana,SP58,MP10,66.0,ug/m3,manual
2019-04-11,01:00,Santa Gertrudes - Jd. Luciana,SP58,MP10,53.0,ug/m3,manual
2019-04-17,01:00,Santa Gertrudes - Jd. Luciana,SP58,MP10,46.0,ug/m3,manual
2019-04-23,01:00,Santa Gertrudes - Jd. Luciana,SP58,MP10,55.0,ug/m3,manual
2019-04-29,01:00,Santa Gertrudes - Jd. Luciana,SP58,MP10,35.0,ug/m3,manual
2019-05-23,01:00,Santa Gertrudes - Jd. Luciana,SP58,MP10,109.0,ug/m3,manual
2019-05-29,01:00,Santa Gertrudes - Jd. Luciana,SP58,MP10,72.0,ug/m3,manual
2019-06-04,01:00,Santa Gertrudes - Jd. Luciana,SP58,MP10,35.0,ug/m3,manual
2019-06-10,01:00,Santa Gertrudes - Jd. Luciana,SP58,MP10,90.0,ug/m3,manual
2019-06-16,01:00,Santa Gertrudes - Jd. Luciana,SP58,MP10,65.0,ug/m3,manual
2019-06-22,01:00,Santa Gertrudes - Jd. Luciana,SP58,MP10,67.0,ug/m3,manual
2019-06-28,01:00,Santa Gertrudes - Jd. Luciana,SP58,MP10,92.0,ug/m3,manual
2019-07-04,01:00,Santa Gertrudes - Jd. Luciana,SP58,MP10,51.0,ug/m3,manual
2019-07-10,01:00,Santa Gertrudes - Jd. Luciana,SP58,MP10,126.0,ug/m3,manual
2019-07-16,01:00,Santa Gertrudes - Jd. Luciana,SP58,MP10,54.0,ug/m3,manual
2019-07-22,01:00,Santa Gertrudes - Jd. Luciana,SP58,MP10,73.0,ug/m3,manual
2019-07-28,01:00,Santa Gertrudes - Jd. Luciana,SP58,MP10,59.0,ug/m3,manual
2019-08-03,01:00,Santa Gertrudes - Jd. Luciana,SP58,MP10,33.0,ug/m3,manual
2019-08-09,01:00,Santa Gertrudes - Jd. Luciana,SP58,MP10,104.0,ug/m3,manual
2019-08-15,01:00,Santa Gertrudes - Jd. Luciana,SP58,MP10,86.0,ug/m3,manual
2019-08-21,01:00,Santa Gertrudes - Jd. Luciana,SP58,MP10,75.0,ug/m3,manual
2019-08-27,01:00,Santa Gertrudes - Jd. Luciana,SP58,MP10,129.0,ug/m3,manual
2019-09-02,01:00,Santa Gertrudes - Jd. Luciana,SP58,MP10,48.0,ug/m3,manual
2019-09-08,01:00,Santa Gertrudes - Jd. Luciana,SP58,MP10,91.0,ug/m3,manual
2019-09-14,01:00,Santa Gertrudes - Jd. Luciana,SP58,MP10,84.0,ug/m3,manual
2019-09-20,01:00,Santa Gertrudes - Jd. Luciana,SP58,MP10,147.0,ug/m3,manual
2019-09-26,01:00,Santa Gertrudes - Jd. Luciana,SP58,MP10,57.0,ug/m3,manual
2019-10-02,01:00,Santa Gertrudes - Jd. Luciana,SP58,MP10,139.0,ug/m3,manual
2019-10-08,01:00,Santa Gertrudes - Jd. Luciana,SP58,MP10,62.0,ug/m3,manual
2019-10-14,01:00,Santa Gertrudes - Jd. Luciana,SP58,MP10,137.0,ug/m3,manual
2019-10-20,01:00,Santa Gertrudes - Jd. Luciana,SP58,MP10,32.0,ug/m3,manual
2019-10-26,01:00,Santa Gertrudes - Jd. Luciana,SP58,MP10,92.0,ug/m3,manual
2019-11-01,01:00,Santa Gertrudes - Jd. Luciana,SP58,MP10,76.0,ug/m3,manual
2019-11-07,01:00,Santa Gertrudes - Jd. Luciana,SP58,MP10,93.0,ug/m3,manual
2019-11-13,01:00,Santa Gertrudes - Jd. Luciana,SP58,MP10,56.0,ug/m3,manual
2019-11-19,01:00,Santa Gertrudes - Jd. Luciana,SP58,MP10,78.0,ug/m3,manual
2019-11-25,01:00,Santa Gertrudes - Jd. Luciana,SP58,MP10,64.0,ug/m3,manual
2019-12-01,01:00,Santa Gertrudes - Jd. Luciana,SP58,MP10,19.0,ug/m3,manual
2019-12-07,01:00,Santa Gertrudes - Jd. Luciana,SP58,MP10,45.0,ug/m3,manual
2019-12-19,01:00,Santa Gertrudes - Jd. Luciana,SP58,MP10,45.0,ug/m3,manual
2020-01-06,01:00,Santa Gertrudes - Jd. Luciana,SP58,MP10,33.0,ug/m3,manual
2020-01-12,01:00,Santa Gertrudes - Jd. Luciana,SP58,MP10,31.0,ug/m3,manual
2020-01-18,01:00,Santa Gertrudes - Jd. Luciana,SP58,MP10,42.0,ug/m3,manual
2020-01-24,01:00,Santa Gertrudes - Jd. Luciana,SP58,MP10,53.0,ug/m3,manual
2020-02-11,01:00,Santa Gertrudes - Jd. Luciana,SP58,MP10,31.0,ug/m3,manual
2020-02-17,01:00,Santa Gertrudes - Jd. Luciana,SP58,MP10,36.0,ug/m3,manual
2020-02-23,01:00,Santa Gertrudes - Jd. Luciana,SP58,MP10,22.0,ug/m3,manual
2020-02-29,01:00,Santa Gertrudes - Jd. Luciana,SP58,MP10,31.0,ug/m3,manual
2020-03-06,01:00,Santa Gertrudes - Jd. Luciana,SP58,MP10,91.0,ug/m3,manual
2020-03-12,01:00,Santa Gertrudes - Jd. Luciana,SP58,MP10,90.0,ug/m3,manual
2020-03-18,01:00,Santa Gertrudes - Jd. Luciana,SP58,MP10,45.0,ug/m3,manual
2020-03-24,01:00,Santa Gertrudes - Jd. Luciana,SP58,MP10,31.0,ug/m3,manual
2020-03-30,01:00,Santa Gertrudes - Jd. Luciana,SP58,MP10,25.0,ug/m3,manual
2020-04-05,01:00,Santa Gertrudes - Jd. Luciana,SP58,MP10,25.0,ug/m3,manual
2020-04-17,01:00,Santa Gertrudes - Jd. Luciana,SP58,MP10,55.0,ug/m3,manual
2020-04-23,01:00,Santa Gertrudes - Jd. Luciana,SP58,MP10,60.0,ug/m3,manual
2020-04-29,01:00,Santa Gertrudes - Jd. Luciana,SP58,MP10,59.0,ug/m3,manual
2020-05-05,01:00,Santa Gertrudes - Jd. Luciana,SP58,MP10,79.0,ug/m3,manual
2020-05-11,01:00,Santa Gertrudes - Jd. Luciana,SP58,MP10,49.0,ug/m3,manual
2020-05-17,01:00,Santa Gertrudes - Jd. Luciana,SP58,MP10,43.0,ug/m3,manual
2020-05-23,01:00,Santa Gertrudes - Jd. Luciana,SP58,MP10,19.0,ug/m3,manual
2020-05-29,01:00,Santa Gertrudes - Jd. Luciana,SP58,MP10,141.0,ug/m3,manual
2020-06-04,01:00,Santa Gertrudes - Jd. Luciana,SP58,MP10,60.0,ug/m3,manual
2020-06-16,01:00,Santa Gertrudes - Jd. Luciana,SP58,MP10,70.0,ug/m3,manual
2020-06-22,01:00,Santa Gertrudes - Jd. Luciana,SP58,MP10,109.0,ug/m3,manual
2020-06-28,01:00,Santa Gertrudes - Jd. Luciana,SP58,MP10,19.0,ug/m3,manual
2020-07-04,01:00,Santa Gertrudes - Jd. Luciana,SP58,MP10,90.0,ug/m3,manual
2020-07-10,01:00,Santa Gertrudes - Jd. Luciana,SP58,MP10,110.0,ug/m3,manual
2020-07-16,01:00,Santa Gertrudes - Jd. Luciana,SP58,MP10,104.0,ug/m3,manual
2020-07-22,01:00,Santa Gertrudes - Jd. Luciana,SP58,MP10,153.0,ug/m3,manual
2020-07-28,01:00,Santa Gertrudes - Jd. Luciana,SP58,MP10,122.0,ug/m3,manual
2020-08-03,01:00,Santa Gertrudes - Jd. Luciana,SP58,MP10,104.0,ug/m3,manual
2020-08-09,01:00,Santa Gertrudes - Jd. Luciana,SP58,MP10,114.0,ug/m3,manual
2020-08-15,01:00,Santa Gertrudes - Jd. Luciana,SP58,MP10,120.0,ug/m3,manual
2020-08-21,01:00,Santa Gertrudes - Jd. Luciana,SP58,MP10,27.0,ug/m3,manual
2020-08-27,01:00,Santa Gertrudes - Jd. Luciana,SP58,MP10,143.0,ug/m3,manual
2020-09-02,01:00,Santa Gertrudes - Jd. Luciana,SP58,MP10,125.0,ug/m3,manual
2020-09-08,01:00,Santa Gertrudes - Jd. Luciana,SP58,MP10,151.0,ug/m3,manual
2020-09-14,01:00,Santa Gertrudes - Jd. Luciana,SP58,MP10,210.0,ug/m3,manual
2020-09-20,01:00,Santa Gertrudes - Jd. Luciana,SP58,MP10,81.0,ug/m3,manual
2020-09-26,01:00,Santa Gertrudes - Jd. Luciana,SP58,MP10,121.0,ug/m3,manual
2020-10-08,01:00,Santa Gertrudes - Jd. Luciana,SP58,MP10,144.0,ug/m3,manual
2020-10-14,01:00,Santa Gertrudes - Jd. Luciana,SP58,MP10,137.0,ug/m3,manual
2020-10-20,01:00,Santa Gertrudes - Jd. Luciana,SP58,MP10,25.0,ug/m3,manual
2020-10-26,01:00,Santa Gertrudes - Jd. Luciana,SP58,MP10,62.0,ug/m3,manual
2020-11-01,01:00,Santa Gertrudes - Jd. Luciana,SP58,MP10,27.0,ug/m3,manual
2020-11-07,01:00,Santa Gertrudes - Jd. Luciana,SP58,MP10,70.0,ug/m3,manual
2020-11-13,01:00,Santa Gertrudes - Jd. Luciana,SP58,MP10,48.0,ug/m3,manual
2020-11-19,01:00,Santa Gertrudes - Jd. Luciana,SP58,MP10,28.0,ug/m3,manual
2020-11-25,01:00,Santa Gertrudes - Jd. Luciana,SP58,MP10,60.0,ug/m3,manual
2020-12-01,01:00,Santa Gertrudes - Jd. Luciana,SP58,MP10,35.0,ug/m3,manual
2020-12-07,01:00,Santa Gertrudes - Jd. Luciana,SP58,MP10,26.0,ug/m3,manual
2020-12-13,01:00,Santa Gertrudes - Jd. Luciana,SP58,MP10,12.0,ug/m3,manual
2020-12-17,01:00,Santa Gertrudes - Jd. Luciana,SP58,MP10,34.0,ug/m3,manual
2020-01-06,01:00,Santa Gertrudes - Jd. Luciana,SP58,MP10,33.0,ug/m3,manual
2020-01-12,01:00,Santa Gertrudes - Jd. Luciana,SP58,MP10,31.0,ug/m3,manual
2020-01-18,01:00,Santa Gertrudes - Jd. Luciana,SP58,MP10,42.0,ug/m3,manual
2020-01-24,01:00,Santa Gertrudes - Jd. Luciana,SP58,MP10,53.0,ug/m3,manual
2020-02-11,01:00,Santa Gertrudes - Jd. Luciana,SP58,MP10,31.0,ug/m3,manual
2020-02-17,01:00,Santa Gertrudes - Jd. Luciana,SP58,MP10,36.0,ug/m3,manual
2020-02-23,01:00,Santa Gertrudes - Jd. Luciana,SP58,MP10,22.0,ug/m3,manual
2020-02-29,01:00,Santa Gertrudes - Jd. Luciana,SP58,MP10,31.0,ug/m3,manual
2020-03-06,01:00,Santa Gertrudes - Jd. Luciana,SP58,MP10,91.0,ug/m3,manual
2020-03-12,01:00,Santa Gertrudes - Jd. Luciana,SP58,MP10,90.0,ug/m3,manual
2020-03-18,01:00,Santa Gertrudes - Jd. Luciana,SP58,MP10,45.0,ug/m3,manual
2020-03-24,01:00,Santa Gertrudes - Jd. Luciana,SP58,MP10,31.0,ug/m3,manual
2020-03-30,01:00,Santa Gertrudes - Jd. Luciana,SP58,MP10,25.0,ug/m3,manual
2020-04-05,01:00,Santa Gertrudes - Jd. Luciana,SP58,MP10,25.0,ug/m3,manual
2020-04-17,01:00,Santa Gertrudes - Jd. Luciana,SP58,MP10,55.0,ug/m3,manual
2020-04-23,01:00,Santa Gertrudes - Jd. Luciana,SP58,MP10,60.0,ug/m3,manual
2020-04-29,01:00,Santa Gertrudes - Jd. Luciana,SP58,MP10,59.0,ug/m3,manual
2020-05-05,01:00,Santa Gertrudes - Jd. Luciana,SP58,MP10,79.0,ug/m3,manual
2020-05-11,01:00,Santa Gertrudes - Jd. Luciana,SP58,MP10,49.0,ug/m3,manual
2020-05-17,01:00,Santa Gertrudes - Jd. Luciana,SP58,MP10,43.0,ug/m3,manual
2020-05-23,01:00,Santa Gertrudes - Jd. Luciana,SP58,MP10,19.0,ug/m3,manual
2020-05-29,01:00,Santa Gertrudes - Jd. Luciana,SP58,MP10,141.0,ug/m3,manual
2020-06-04,01:00,Santa Gertrudes - Jd. Luciana,SP58,MP10,60.0,ug/m3,manual
2020-06-16,01:00,Santa Gertrudes - Jd. Luciana,SP58,MP10,70.0,ug/m3,manual
2020-06-22,01:00,Santa Gertrudes - Jd. Luciana,SP58,MP10,109.0,ug/m3,manual
2020-06-28,01:00,Santa Gertrudes - Jd. Luciana,SP58,MP10,19.0,ug/m3,manual
2020-07-04,01:00,Santa Gertrudes - Jd. Luciana,SP58,MP10,90.0,ug/m3,manual
2020-07-10,01:00,Santa Gertrudes - Jd. Luciana,SP58,MP10,110.0,ug/m3,manual
2020-07-16,01:00,Santa Gertrudes - Jd. Luciana,SP58,MP10,104.0,ug/m3,manual
2020-07-22,01:00,Santa Gertrudes - Jd. Luciana,SP58,MP10,153.0,ug/m3,manual
2020-07-28,01:00,Santa Gertrudes - Jd. Luciana,SP58,MP10,122.0,ug/m3,manual
2020-08-03,01:00,Santa Gertrudes - Jd. Luciana,SP58,MP10,104.0,ug/m3,manual
2020-08-09,01:00,Santa Gertrudes - Jd. Luciana,SP58,MP10,114.0,ug/m3,manual
2020-08-15,01:00,Santa Gertrudes - Jd. Luciana,SP58,MP10,120.0,ug/m3,manual
2020-08-21,01:00,Santa Gertrudes - Jd. Luciana,SP58,MP10,27.0,ug/m3,manual
2020-08-27,01:00,Santa Gertrudes - Jd. Luciana,SP58,MP10,143.0,ug/m3,manual
2020-09-02,01:00,Santa Gertrudes - Jd. Luciana,SP58,MP10,125.0,ug/m3,manual
2020-09-08,01:00,Santa Gertrudes - Jd. Luciana,SP58,MP10,151.0,ug/m3,manual
2020-09-14,01:00,Santa Gertrudes - Jd. Luciana,SP58,MP10,210.0,ug/m3,manual
2020-09-20,01:00,Santa Gertrudes - Jd. Luciana,SP58,MP10,81.0,ug/m3,manual
2020-09-26,01:00,Santa Gertrudes - Jd. Luciana,SP58,MP10,121.0,ug/m3,manual
2020-10-08,01:00,Santa Gertrudes - Jd. Luciana,SP58,MP10,144.0,ug/m3,manual
2020-10-14,01:00,Santa Gertrudes - Jd. Luciana,SP58,MP10,137.0,ug/m3,manual
2020-10-20,01:00,Santa Gertrudes - Jd. Luciana,SP58,MP10,25.0,ug/m3,manual
2020-10-26,01:00,Santa Gertrudes - Jd. Luciana,SP58,MP10,62.0,ug/m3,manual
2020-11-01,01:00,Santa Gertrudes - Jd. Luciana,SP58,MP10,27.0,ug/m3,manual
2020-11-07,01:00,Santa Gertrudes - Jd. Luciana,SP58,MP10,70.0,ug/m3,manual
2020-11-13,01:00,Santa Gertrudes - Jd. Luciana,SP58,MP10,48.0,ug/m3,manual
2020-11-19,01:00,Santa Gertrudes - Jd. Luciana,SP58,MP10,28.0,ug/m3,manual
2020-11-25,01:00,Santa Gertrudes - Jd. Luciana,SP58,MP10,60.0,ug/m3,manual
2020-12-01,01:00,Santa Gertrudes - Jd. Luciana,SP58,MP10,35.0,ug/m3,manual
2020-12-07,01:00,Santa Gertrudes - Jd. Luciana,SP58,MP10,26.0,ug/m3,manual
2020-12-13,01:00,Santa Gertrudes - Jd. Luciana,SP58,MP10,12.0,ug/m3,manual
2020-12-17,01:00,Santa Gertrudes - Jd. Luciana,SP58,MP10,34.0,ug/m3,manual
2021-01-06,01:00,Santa Gertrudes - Jd. Luciana,SP58,MP10,36.0,ug/m3,manual
2021-01-18,01:00,Santa Gertrudes - Jd. Luciana,SP58,MP10,30.0,ug/m3,manual
2021-01-24,01:00,Santa Gertrudes - Jd. Luciana,SP58,MP10,37.0,ug/m3,manual
2021-02-11,01:00,Santa Gertrudes - Jd. Luciana,SP58,MP10,36.0,ug/m3,manual
2021-02-23,01:00,Santa Gertrudes - Jd. Luciana,SP58,MP10,6.0,ug/m3,manual
2021-03-01,01:00,Santa Gertrudes - Jd. Luciana,SP58,MP10,39.0,ug/m3,manual
2021-03-07,01:00,Santa Gertrudes - Jd. Luciana,SP58,MP10,20.0,ug/m3,manual
2021-03-13,01:00,Santa Gertrudes - Jd. Luciana,SP58,MP10,56.0,ug/m3,manual
2021-03-19,01:00,Santa Gertrudes - Jd. Luciana,SP58,MP10,50.0,ug/m3,manual
2021-03-25,01:00,Santa Gertrudes - Jd. Luciana,SP58,MP10,65.0,ug/m3,manual
2021-03-31,01:00,Santa Gertrudes - Jd. Luciana,SP58,MP10,58.0,ug/m3,manual
2021-04-06,01:00,Santa Gertrudes - Jd. Luciana,SP58,MP10,65.0,ug/m3,manual
2021-04-12,01:00,Santa Gertrudes - Jd. Luciana,SP58,MP10,83.0,ug/m3,manual
2021-04-18,01:00,Santa Gertrudes - Jd. Luciana,SP58,MP10,28.0,ug/m3,manual
2021-04-24,01:00,Santa Gertrudes - Jd. Luciana,SP58,MP10,73.0,ug/m3,manual
2021-04-30,01:00,Santa Gertrudes - Jd. Luciana,SP58,MP10,74.0,ug/m3,manual
2021-05-06,01:00,Santa Gertrudes - Jd. Luciana,SP58,MP10,129.0,ug/m3,manual
2021-05-12,01:00,Santa Gertrudes - Jd. Luciana,SP58,MP10,96.0,ug/m3,manual
2021-05-18,01:00,Santa Gertrudes - Jd. Luciana,SP58,MP10,84.0,ug/m3,manual
2021-05-24,01:00,Santa Gertrudes - Jd. Luciana,SP58,MP10,38.0,ug/m3,manual
2021-05-30,01:00,Santa Gertrudes - Jd. Luciana,SP58,MP10,42.0,ug/m3,manual
2021-06-05,01:00,Santa Gertrudes - Jd. Luciana,SP58,MP10,49.0,ug/m3,manual
2021-06-11,01:00,Santa Gertrudes - Jd. Luciana,SP58,MP10,47.0,ug/m3,manual
2021-06-17,01:00,Santa Gertrudes - Jd. Luciana,SP58,MP10,58.0,ug/m3,manual
2021-06-23,01:00,Santa Gertrudes - Jd. Luciana,SP58,MP10,40.0,ug/m3,manual
2021-07-05,01:00,Santa Gertrudes - Jd. Luciana,SP58,MP10,93.0,ug/m3,manual
2021-07-11,01:00,Santa Gertrudes - Jd. Luciana,SP58,MP10,119.0,ug/m3,manual
2021-07-17,01:00,Santa Gertrudes - Jd. Luciana,SP58,MP10,57.0,ug/m3,manual
2021-07-29,01:00,Santa Gertrudes - Jd. Luciana,SP58,MP10,53.0,ug/m3,manual
2021-08-04,01:00,Santa Gertrudes - Jd. Luciana,SP58,MP10,68.0,ug/m3,manual
2021-08-10,01:00,Santa Gertrudes - Jd. Luciana,SP58,MP10,133.0,ug/m3,manual
2021-08-16,01:00,Santa Gertrudes - Jd. Luciana,SP58,MP10,147.0,ug/m3,manual
2021-08-22,01:00,Santa Gertrudes - Jd. Luciana,SP58,MP10,103.0,ug/m3,manual
2021-09-15,01:00,Santa Gertrudes - Jd. Luciana,SP58,MP10,85.0,ug/m3,manual
2021-09-27,01:00,Santa Gertrudes - Jd. Luciana,SP58,MP10,72.0,ug/m3,manual
2021-10-03,01:00,Santa Gertrudes - Jd. Luciana,SP58,MP10,59.0,ug/m3,manual
2021-10-09,01:00,Santa Gertrudes - Jd. Luciana,SP58,MP10,48.0,ug/m3,manual
2021-10-27,01:00,Santa Gertrudes - Jd. Luciana,SP58,MP10,40.0,ug/m3,manual
2021-11-02,01:00,Santa Gertrudes - Jd. Luciana,SP58,MP10,11.0,ug/m3,manual
2021-11-14,01:00,Santa Gertrudes - Jd. Luciana,SP58,MP10,32.0,ug/m3,manual
2021-11-20,01:00,Santa Gertrudes - Jd. Luciana,SP58,MP10,24.0,ug/m3,manual
2021-11-26,01:00,Santa Gertrudes - Jd. Luciana,SP58,MP10,27.0,ug/m3,manual
2021-12-02,01:00,Santa Gertrudes - Jd. Luciana,SP58,MP10,49.0,ug/m3,manual
2021-12-08,01:00,Santa Gertrudes - Jd. Luciana,SP58,MP10,53.0,ug/m3,manual
2021-12-14,01:00,Santa Gertrudes - Jd. Luciana,SP58,MP10,29.0,ug/m3,manual
2021-01-06,01:00,Santa Gertrudes - Jd. Luciana,SP58,MP10,36.0,ug/m3,manual
2021-01-18,01:00,Santa Gertrudes - Jd. Luciana,SP58,MP10,30.0,ug/m3,manual
2021-01-24,01:00,Santa Gertrudes - Jd. Luciana,SP58,MP10,37.0,ug/m3,manual
2021-02-11,01:00,Santa Gertrudes - Jd. Luciana,SP58,MP10,36.0,ug/m3,manual
2021-02-23,01:00,Santa Gertrudes - Jd. Luciana,SP58,MP10,6.0,ug/m3,manual
2021-03-01,01:00,Santa Gertrudes - Jd. Luciana,SP58,MP10,39.0,ug/m3,manual
2021-03-07,01:00,Santa Gertrudes - Jd. Luciana,SP58,MP10,20.0,ug/m3,manual
2021-03-13,01:00,Santa Gertrudes - Jd. Luciana,SP58,MP10,56.0,ug/m3,manual
2021-03-19,01:00,Santa Gertrudes - Jd. Luciana,SP58,MP10,50.0,ug/m3,manual
2021-03-25,01:00,Santa Gertrudes - Jd. Luciana,SP58,MP10,65.0,ug/m3,manual
2021-03-31,01:00,Santa Gertrudes - Jd. Luciana,SP58,MP10,58.0,ug/m3,manual
2021-04-06,01:00,Santa Gertrudes - Jd. Luciana,SP58,MP10,65.0,ug/m3,manual
2021-04-12,01:00,Santa Gertrudes - Jd. Luciana,SP58,MP10,83.0,ug/m3,manual
2021-04-18,01:00,Santa Gertrudes - Jd. Luciana,SP58,MP10,28.0,ug/m3,manual
2021-04-24,01:00,Santa Gertrudes - Jd. Luciana,SP58,MP10,73.0,ug/m3,manual
2021-04-30,01:00,Santa Gertrudes - Jd. Luciana,SP58,MP10,74.0,ug/m3,manual
2021-05-06,01:00,Santa Gertrudes - Jd. Luciana,SP58,MP10,129.0,ug/m3,manual
2021-05-12,01:00,Santa Gertrudes - Jd. Luciana,SP58,MP10,96.0,ug/m3,manual
2021-05-18,01:00,Santa Gertrudes - Jd. Luciana,SP58,MP10,84.0,ug/m3,manual
2021-05-24,01:00,Santa Gertrudes - Jd. Luciana,SP58,MP10,38.0,ug/m3,manual
2021-05-30,01:00,Santa Gertrudes - Jd. Luciana,SP58,MP10,42.0,ug/m3,manual
2021-06-05,01:00,Santa Gertrudes - Jd. Luciana,SP58,MP10,49.0,ug/m3,manual
2021-06-11,01:00,Santa Gertrudes - Jd. Luciana,SP58,MP10,47.0,ug/m3,manual
2021-06-17,01:00,Santa Gertrudes - Jd. Luciana,SP58,MP10,58.0,ug/m3,manual
2021-06-23,01:00,Santa Gertrudes - Jd. Luciana,SP58,MP10,40.0,ug/m3,manual
2021-07-05,01:00,Santa Gertrudes - Jd. Luciana,SP58,MP10,93.0,ug/m3,manual
2021-07-11,01:00,Santa Gertrudes - Jd. Luciana,SP58,MP10,119.0,ug/m3,manual
2021-07-17,01:00,Santa Gertrudes - Jd. Luciana,SP58,MP10,57.0,ug/m3,manual
2021-07-29,01:00,Santa Gertrudes - Jd. Luciana,SP58,MP10,53.0,ug/m3,manual
2021-08-04,01:00,Santa Gertrudes - Jd. Luciana,SP58,MP10,68.0,ug/m3,manual
2021-08-10,01:00,Santa Gertrudes - Jd. Luciana,SP58,MP10,133.0,ug/m3,manual
2021-08-16,01:00,Santa Gertrudes - Jd. Luciana,SP58,MP10,147.0,ug/m3,manual
2021-08-22,01:00,Santa Gertrudes - Jd. Luciana,SP58,MP10,103.0,ug/m3,manual
2021-09-15,01:00,Santa Gertrudes - Jd. Luciana,SP58,MP10,85.0,ug/m3,manual
2021-09-27,01:00,Santa Gertrudes - Jd. Luciana,SP58,MP10,72.0,ug/m3,manual
2021-10-03,01:00,Santa Gertrudes - Jd. Luciana,SP58,MP10,59.0,ug/m3,manual
2021-10-09,01:00,Santa Gertrudes - Jd. Luciana,SP58,MP10,48.0,ug/m3,manual
2021-10-27,01:00,Santa Gertrudes - Jd. Luciana,SP58,MP10,40.0,ug/m3,manual
2021-11-02,01:00,Santa Gertrudes - Jd. Luciana,SP58,MP10,11.0,ug/m3,manual
2021-11-14,01:00,Santa Gertrudes - Jd. Luciana,SP58,MP10,32.0,ug/m3,manual
2021-11-20,01:00,Santa Gertrudes - Jd. Luciana,SP58,MP10,24.0,ug/m3,manual
2021-11-26,01:00,Santa Gertrudes - Jd. Luciana,SP58,MP10,27.0,ug/m3,manual
2021-12-02,01:00,Santa Gertrudes - Jd. Luciana,SP58,MP10,49.0,ug/m3,manual
2021-12-08,01:00,Santa Gertrudes - Jd. Luciana,SP58,MP10,53.0,ug/m3,manual
2021-12-14,01:00,Santa Gertrudes - Jd. Luciana,SP58,MP10,29.0,ug/m3,manual
2022-01-29,01:00,Santa Gertrudes - Jd. Luciana,SP58,MP10,12.0,ug/m3,manual
2022-02-01,01:00,Santa Gertrudes - Jd. Luciana,SP58,MP10,25.0,ug/m3,manual
2022-02-04,01:00,Santa Gertrudes - Jd. Luciana,SP58,MP10,28.0,ug/m3,manual
2022-02-07,01:00,Santa Gertrudes - Jd. Luciana,SP58,MP10,33.0,ug/m3,manual
2022-02-10,01:00,Santa Gertrudes - Jd. Luciana,SP58,MP10,50.0,ug/m3,manual
2022-02-16,01:00,Santa Gertrudes - Jd. Luciana,SP58,MP10,55.0,ug/m3,manual
2022-02-19,01:00,Santa Gertrudes - Jd. Luciana,SP58,MP10,39.0,ug/m3,manual
2022-02-22,01:00,Santa Gertrudes - Jd. Luciana,SP58,MP10,70.0,ug/m3,manual
2022-02-25,01:00,Santa Gertrudes - Jd. Luciana,SP58,MP10,74.0,ug/m3,manual
2022-02-28,01:00,Santa Gertrudes - Jd. Luciana,SP58,MP10,67.0,ug/m3,manual
2022-03-06,01:00,Santa Gertrudes - Jd. Luciana,SP58,MP10,45.0,ug/m3,manual
2022-03-12,01:00,Santa Gertrudes - Jd. Luciana,SP58,MP10,22.0,ug/m3,manual
2022-03-24,01:00,Santa Gertrudes - Jd. Luciana,SP58,MP10,68.0,ug/m3,manual
2022-03-30,01:00,Santa Gertrudes - Jd. Luciana,SP58,MP10,67.0,ug/m3,manual
2022-04-05,01:00,Santa Gertrudes - Jd. Luciana,SP58,MP10,57.0,ug/m3,manual
2022-04-11,01:00,Santa Gertrudes - Jd. Luciana,SP58,MP10,52.0,ug/m3,manual
2022-04-17,01:00,Santa Gertrudes - Jd. Luciana,SP58,MP10,28.0,ug/m3,manual
2022-04-23,01:00,Santa Gertrudes - Jd. Luciana,SP58,MP10,51.0,ug/m3,manual
2022-04-29,01:00,Santa Gertrudes - Jd. Luciana,SP58,MP10,107.0,ug/m3,manual
2022-05-05,01:00,Santa Gertrudes - Jd. Luciana,SP58,MP10,45.0,ug/m3,manual
2022-05-11,01:00,Santa Gertrudes - Jd. Luciana,SP58,MP10,59.0,ug/m3,manual
2022-05-17,01:00,Santa Gertrudes - Jd. Luciana,SP58,MP10,31.0,ug/m3,manual
2022-05-23,01:00,Santa Gertrudes - Jd. Luciana,SP58,MP10,105.0,ug/m3,manual
2022-05-29,01:00,Santa Gertrudes - Jd. Luciana,SP58,MP10,58.0,ug/m3,manual
2022-06-04,01:00,Santa Gertrudes - Jd. Luciana,SP58,MP10,34.0,ug/m3,manual
2022-06-10,01:00,Santa Gertrudes - Jd. Luciana,SP58,MP10,37.0,ug/m3,manual
2022-06-16,01:00,Santa Gertrudes - Jd. Luciana,SP58,MP10,93.0,ug/m3,manual
2022-06-22,01:00,Santa Gertrudes - Jd. Luciana,SP58,MP10,62.0,ug/m3,manual
2022-06-28,01:00,Santa Gertrudes - Jd. Luciana,SP58,MP10,103.0,ug/m3,manual
2022-07-04,01:00,Santa Gertrudes - Jd. Luciana,SP58,MP10,106.0,ug/m3,manual
2022-07-10,01:00,Santa Gertrudes - Jd. Luciana,SP58,MP10,56.0,ug/m3,manual
2022-07-16,01:00,Santa Gertrudes - Jd. Luciana,SP58,MP10,69.0,ug/m3,manual
2022-07-22,01:00,Santa Gertrudes - Jd. Luciana,SP58,MP10,142.0,ug/m3,manual
2022-08-03,01:00,Santa Gertrudes - Jd. Luciana,SP58,MP10,135.0,ug/m3,manual
2022-08-09,01:00,Santa Gertrudes - Jd. Luciana,SP58,MP10,45.0,ug/m3,manual
2022-08-15,01:00,Santa Gertrudes - Jd. Luciana,SP58,MP10,60.0,ug/m3,manual
2022-08-21,01:00,Santa Gertrudes - Jd. Luciana,SP58,MP10,35.0,ug/m3,manual
2022-08-27,01:00,Santa Gertrudes - Jd. Luciana,SP58,MP10,97.0,ug/m3,manual
2022-09-02,01:00,Santa Gertrudes - Jd. Luciana,SP58,MP10,106.0,ug/m3,manual
2022-09-08,01:00,Santa Gertrudes - Jd. Luciana,SP58,MP10,74.0,ug/m3,manual
2022-09-14,01:00,Santa Gertrudes - Jd. Luciana,SP58,MP10,58.0,ug/m3,manual
2022-09-20,01:00,Santa Gertrudes - Jd. Luciana,SP58,MP10,47.0,ug/m3,manual
2022-09-26,01:00,Santa Gertrudes - Jd. Luciana,SP58,MP10,39.0,ug/m3,manual
2022-10-02,01:00,Santa Gertrudes - Jd. Luciana,SP58,MP10,33.0,ug/m3,manual
2022-10-08,01:00,Santa Gertrudes - Jd. Luciana,SP58,MP10,71.0,ug/m3,manual
2022-10-14,01:00,Santa Gertrudes - Jd. Luciana,SP58,MP10,66.0,ug/m3,manual
2022-10-20,01:00,Santa Gertrudes - Jd. Luciana,SP58,MP10,59.0,ug/m3,manual
2022-10-26,01:00,Santa Gertrudes - Jd. Luciana,SP58,MP10,90.0,ug/m3,manual
2022-11-01,01:00,Santa Gertrudes - Jd. Luciana,SP58,MP10,23.0,ug/m3,manual
2022-11-07,01:00,Santa Gertrudes - Jd. Luciana,SP58,MP10,48.0,ug/m3,manual
2022-11-13,01:00,Santa Gertrudes - Jd. Luciana,SP58,MP10,36.0,ug/m3,manual
2022-11-19,01:00,Santa Gertrudes - Jd. Luciana,SP58,MP10,48.0,ug/m3,manual
2022-11-25,01:00,Santa Gertrudes - Jd. Luciana,SP58,MP10,31.0,ug/m3,manual
2022-12-01,01:00,Santa Gertrudes - Jd. Luciana,SP58,MP10,35.0,ug/m3,manual
2022-12-13,01:00,Santa Gertrudes - Jd. Luciana,SP58,MP10,25.0,ug/m3,manual
2022-12-19,01:00,Santa Gertrudes - Jd. Luciana,SP58,MP10,38.0,ug/m3,manual
2022-01-29,01:00,Santa Gertrudes - Jd. Luciana,SP58,MP10,12.0,ug/m3,manual
2022-02-01,01:00,Santa Gertrudes - Jd. Luciana,SP58,MP10,25.0,ug/m3,manual
2022-02-04,01:00,Santa Gertrudes - Jd. Luciana,SP58,MP10,28.0,ug/m3,manual
2022-02-07,01:00,Santa Gertrudes - Jd. Luciana,SP58,MP10,33.0,ug/m3,manual
2022-02-10,01:00,Santa Gertrudes - Jd. Luciana,SP58,MP10,50.0,ug/m3,manual
2022-02-16,01:00,Santa Gertrudes - Jd. Luciana,SP58,MP10,55.0,ug/m3,manual
2022-02-19,01:00,Santa Gertrudes - Jd. Luciana,SP58,MP10,39.0,ug/m3,manual
2022-02-22,01:00,Santa Gertrudes - Jd. Luciana,SP58,MP10,70.0,ug/m3,manual
2022-02-25,01:00,Santa Gertrudes - Jd. Luciana,SP58,MP10,74.0,ug/m3,manual
2022-02-28,01:00,Santa Gertrudes - Jd. Luciana,SP58,MP10,67.0,ug/m3,manual
2022-03-06,01:00,Santa Gertrudes - Jd. Luciana,SP58,MP10,45.0,ug/m3,manual
2022-03-12,01:00,Santa Gertrudes - Jd. Luciana,SP58,MP10,22.0,ug/m3,manual
2022-03-24,01:00,Santa Gertrudes - Jd. Luciana,SP58,MP10,68.0,ug/m3,manual
2022-03-30,01:00,Santa Gertrudes - Jd. Luciana,SP58,MP10,67.0,ug/m3,manual
2022-04-05,01:00,Santa Gertrudes - Jd. Luciana,SP58,MP10,57.0,ug/m3,manual
2022-04-11,01:00,Santa Gertrudes - Jd. Luciana,SP58,MP10,52.0,ug/m3,manual
2022-04-17,01:00,Santa Gertrudes - Jd. Luciana,SP58,MP10,28.0,ug/m3,manual
2022-04-23,01:00,Santa Gertrudes - Jd. Luciana,SP58,MP10,51.0,ug/m3,manual
2022-04-29,01:00,Santa Gertrudes - Jd. Luciana,SP58,MP10,107.0,ug/m3,manual
2022-05-05,01:00,Santa Gertrudes - Jd. Luciana,SP58,MP10,45.0,ug/m3,manual
2022-05-11,01:00,Santa Gertrudes - Jd. Luciana,SP58,MP10,59.0,ug/m3,manual
2022-05-17,01:00,Santa Gertrudes - Jd. Luciana,SP58,MP10,31.0,ug/m3,manual
2022-05-23,01:00,Santa Gertrudes - Jd. Luciana,SP58,MP10,105.0,ug/m3,manual
2022-05-29,01:00,Santa Gertrudes - Jd. Luciana,SP58,MP10,58.0,ug/m3,manual
2022-06-04,01:00,Santa Gertrudes - Jd. Luciana,SP58,MP10,34.0,ug/m3,manual
2022-06-10,01:00,Santa Gertrudes - Jd. Luciana,SP58,MP10,37.0,ug/m3,manual
2022-06-16,01:00,Santa Gertrudes - Jd. Luciana,SP58,MP10,93.0,ug/m3,manual
2022-06-22,01:00,Santa Gertrudes - Jd. Luciana,SP58,MP10,62.0,ug/m3,manual
2022-06-28,01:00,Santa Gertrudes - Jd. Luciana,SP58,MP10,103.0,ug/m3,manual
2022-07-04,01:00,Santa Gertrudes - Jd. Luciana,SP58,MP10,106.0,ug/m3,manual
2022-07-10,01:00,Santa Gertrudes - Jd. Luciana,SP58,MP10,56.0,ug/m3,manual
2022-07-16,01:00,Santa Gertrudes - Jd. Luciana,SP58,MP10,69.0,ug/m3,manual
2022-07-22,01:00,Santa Gertrudes - Jd. Luciana,SP58,MP10,142.0,ug/m3,manual
2022-08-03,01:00,Santa Gertrudes - Jd. Luciana,SP58,MP10,135.0,ug/m3,manual
2022-08-09,01:00,Santa Gertrudes - Jd. Luciana,SP58,MP10,45.0,ug/m3,manual
2022-08-15,01:00,Santa Gertrudes - Jd. Luciana,SP58,MP10,60.0,ug/m3,manual
2022-08-21,01:00,Santa Gertrudes - Jd. Luciana,SP58,MP10,35.0,ug/m3,manual
2022-08-27,01:00,Santa Gertrudes - Jd. Luciana,SP58,MP10,97.0,ug/m3,manual
2022-09-02,01:00,Santa Gertrudes - Jd. Luciana,SP58,MP10,106.0,ug/m3,manual
2022-09-08,01:00,Santa Gertrudes - Jd. Luciana,SP58,MP10,74.0,ug/m3,manual
2022-09-14,01:00,Santa Gertrudes - Jd. Luciana,SP58,MP10,58.0,ug/m3,manual
2022-09-20,01:00,Santa Gertrudes - Jd. Luciana,SP58,MP10,47.0,ug/m3,manual
2022-09-26,01:00,Santa Gertrudes - Jd. Luciana,SP58,MP10,39.0,ug/m3,manual
2022-10-02,01:00,Santa Gertrudes - Jd. Luciana,SP58,MP10,33.0,ug/m3,manual
2022-10-08,01:00,Santa Gertrudes - Jd. Luciana,SP58,MP10,71.0,ug/m3,manual
2022-10-14,01:00,Santa Gertrudes - Jd. Luciana,SP58,MP10,66.0,ug/m3,manual
2022-10-20,01:00,Santa Gertrudes - Jd. Luciana,SP58,MP10,59.0,ug/m3,manual
2022-10-26,01:00,Santa Gertrudes - Jd. Luciana,SP58,MP10,90.0,ug/m3,manual
2022-11-01,01:00,Santa Gertrudes - Jd. Luciana,SP58,MP10,23.0,ug/m3,manual
2022-11-07,01:00,Santa Gertrudes - Jd. Luciana,SP58,MP10,48.0,ug/m3,manual
2022-11-13,01:00,Santa Gertrudes - Jd. Luciana,SP58,MP10,36.0,ug/m3,manual
2022-11-19,01:00,Santa Gertrudes - Jd. Luciana,SP58,MP10,48.0,ug/m3,manual
2022-11-25,01:00,Santa Gertrudes - Jd. Luciana,SP58,MP10,31.0,ug/m3,manual
2022-12-01,01:00,Santa Gertrudes - Jd. Luciana,SP58,MP10,35.0,ug/m3,manual
2022-12-13,01:00,Santa Gertrudes - Jd. Luciana,SP58,MP10,25.0,ug/m3,manual
2022-12-19,01:00,Santa Gertrudes - Jd. Luciana,SP58,MP10,38.0,ug/m3,manual
